INSERT INTO member (id, name, username, password, member_status, phone, email, permission, created_at, updated_at)
VALUES
(1, 'GuyLeaf', 'admin', 'csieresturant', 0, '0912345678',
't107590037@ntut.org.tw', 0, '2017-08-08', '2020-12-05 19:32:05'),
(2, 'David', 'David4352215', 'www2049561', 0, '0948567304',
't107590045@ntut.org.tw', 2, '2018-01-02', '2020-12-03 16:45:55'),
(3, '路難沙', 'failRon12', 'rrrrr12', 0, '0987810578',
't107590012@ntut.org.tw', 1, '2018-03-07', '2020-11-18 00:22:12'),
(4, '大鐵屋鬆餅', 'leeeee39', 'lllll39', 0, '0915869304',
't107590040@ntut.org.tw', 1, '2019-07-07', '2020-10-15 08:03:05'),
(5, 'Sam', 'angrySam38', 'sssss38', 0, '0949560434',
't107590038@ntut.org.tw', 2, '2019-08-07', '2020-12-04 03:33:33'),
(6, 'Anderson', 'anderson23', 'aaaaa23', 0, '0987819578',
't107590023@ntut.org.tw', 2, '2019-09-14', '2020-12-05 12:23:58'),
(7, 'Roger', 'rogerthat45', 'rrrrr45', 0, '0955770410',
't107590039@ntut.org.tw', 2, '2020-02-04' , '2020-12-05 21:32:05'),
(8, 'Nelson', 'nelson888', 'nnnnn88', 0, '0949560334',
'r5565434r@yahoo.com.tw', 2, '2020-02-29', '2020-11-12 00:32:05'),
(9, 'Tony', 'tonyi30', 'ttttt30', 0, '0987800578',
'i30r95j43kf@icloud.com', 2, '2020-06-04', '2020-11-30 14:52:37'),
(10, 'Allen', 'allen010', 'aaaaa010', 0, '0918869304',
'e349rjall4en@gmail.com', 2, '2020-06-15', '2020-12-05 17:21:05'),
(11, '銀拱門', 'emily1111', 'eeeee11', 0, '0988435634',
'ylimerever@gmail.com', 1, '2020-06-18', '2020-12-05 03:49:43'),
(12, '肯chicken', 'billqq12', 'bbbbb12', 0, '0912346943',
'billisangry@gmail.com', 1, '2020-06-19', '2020-12-05 18:13:44'),
(13, 'Gobuy', 'lucas123', 'ddddd123', 0, '0977596934',
'dserfgogo123@gmail.com', 1, '2020-06-19', '2020-12-05 19:34:45'),
(14, '泰式廚房', 'thai014', 'iiiii14', 0, '0943693402',
'thaichicken123@gmail.com', 1, '2020-06-19', '2020-12-05 20:23:23');

INSERT INTO customer (member_id, sex)
VALUES
(2, true),
(5, true),
(6, true),
(7, true),
(8, true),
(9, true),
(10, true);

INSERT INTO customer_address(customer_id, address)
VALUES
(5, '第六教學大樓327'),
(6, '科研大樓1421'),
(7, '科研大樓1321'),
(8, '綜二演講廳'),
(9, '第二教學大樓221'),
(10, '第一教學大樓221'),
(5, '科研大樓438');

INSERT INTO seller (member_id, counter_number, description, header_image)
VALUES
(3, 1, 'Very delicious beef noodles', '/storage/restaurant/3/header.jpg'),
(4, 2, 'You can find the best food here', '/storage/restaurant/4/header.jpg'),
(11, 3, 'Not tasty without money', '/storage/restaurant/11/header.jpg'),
(12, 4, 'Fastest Fast food', '/storage/restaurant/12/header.jpg'),
(13, 5, 'Japenese local meal', '/storage/restaurant/13/header.jpg'),
(14, 6, 'Japenese local meal', '/storage/restaurant/14/header.jpg');

INSERT INTO seller_category (category_id, name)
VALUES
(1, '早餐'),
(2, '台灣美食'),
(3, '義大利美食'),
(4, '美式美食'),
(5, '飲料'),
(6, '下午茶'),
(7, '速食'),
(8, '泰國美食');

INSERT INTO seller_category_list (seller_id, category_id)
VALUES
(3, 5),
(3, 6),
(4, 5),
(4, 6),
(11, 4),
(11, 7),
(12, 4),
(12, 7),
(13, 5),
(13, 6),
(14, 8);

INSERT INTO product_category (seller_id, name, display_order)
VALUES
(3, '精品咖啡', 1),
(3, '義式磚壓三明治', 2),
(4, '甜味鬆餅', 1),
(4, '鹹味鬆餅', 2),
(11, '超值全餐', 1),
(11, '人氣單點', 2),
(12, 'XL套餐', 1),
(12, '多人歡聚餐', 2),
(13, '原葉鮮萃茶 Tea', 1),
(13, '奶茶及拿鐵', 2),
(14, '泰好吃咖哩', 1),
(14, '涼夏沙拉', 2);

INSERT INTO product (id, seller_id, name, price, sold_out, description, publish_time, modified_time, status, is_deleted, category_name, category_id)
VALUES
(1, 3, '莊園級拿鐵', 75, FALSE, '有咖啡的味道', '2018-03-12 15:39:30', '2018-03-12', 1, FALSE, '精品咖啡', 3),
(2, 3, '莊園級美式', 80, FALSE, '有咖啡的味道', '2018-03-14 15:39:30', '2018-03-14', 1, FALSE, '精品咖啡', 3),
(3, 3, '澳洲小拿鐵', 85, FALSE, '有咖啡的味道', '2018-03-28 15:39:30', '2019-04-28', 1, FALSE, '精品咖啡', 3),
(4, 3, '薑汁燒肉', 65, FALSE, '有燒肉的味道', '2018-05-30 15:39:30', '2018-05-30', 1, FALSE, '義式磚壓三明治', 3),
(5, 3, '墨西哥辣椒豬肉', 65, FALSE, '有豬肉的味道', '2018-05-30 15:39:30', '2018-05-30', 1, FALSE, '義式磚壓三明治', 3),
(6, 3, '法式紅酒牛肉', 65, FALSE, '有牛肉的味道', '2018-06-01 15:39:30', '2020-11-23', 1, FALSE, '義式磚壓三明治', 3),
(7, 4, '蜂蜜鬆餅', 40, FALSE, '有蜂蜜的味道', '2019-07-07 15:39:30' ,'2019-07-07', 1, FALSE, '甜味鬆餅', 4),
(8, 4, '鮮奶油鬆餅', 45, FALSE, '有奶油的味道', '2019-07-07 15:39:30' ,'2019-07-07', 1, FALSE, '甜味鬆餅', 4),
(9, 4, '巧克力鬆餅', 45, FALSE, '有朱古力的味道', '2019-07-07 15:39:30' ,'2019-07-07', 1, FALSE, '甜味鬆餅', 4),
(10, 4, '香草卡士達鬆餅', 50, FALSE, '有香草的味道', '2019-07-07 15:39:30' ,'2019-10-10', 1, FALSE, '甜味鬆餅', 4),
(11, 4, '起司玉米蔬菜鬆餅', 55, FALSE, '有玉米的味道', '2019-07-07 15:39:30' ,'2019-11-25', 1, FALSE, '鹹味鬆餅', 4),
(12, 4, '培根起司蔬菜鬆餅', 55, FALSE, '有培根的味道', '2019-07-07 15:39:30' ,'2019-11-25', 1, FALSE, '鹹味鬆餅', 4),
(13, 11, '麥香雞套餐', 109, FALSE, '有香雞的味道', '2020-06-15 15:39:30', '2020-06-15', 1, FALSE, '超值全餐', 11),
(14, 11, '勁辣雞腿堡套餐', 129, FALSE, '有辣雞的味道', '2020-06-15 15:39:30', '2020-06-15', 1, FALSE, '超值全餐', 11),
(15, 11, '大麥克套餐', 129, FALSE, '有麥克的味道', '2020-06-15 15:39:30', '2020-06-15', 1, FALSE, '超值全餐', 11),
(16, 11, '2塊麥脆雞腿套餐', 169, FALSE, '有脆雞的味道', '2020-06-15 15:39:30', '2020-06-15', 1, FALSE, '超值全餐', 11),
(17, 11, '四塊麥克雞塊', 49, FALSE, '有麥雞的味道', '2020-06-15 15:39:30', '2020-06-15', 1, FALSE, '人氣單點', 11),
(18, 11, '原味麥脆雞腿', 55, FALSE, '有脆雞的味道', '2020-06-15 15:39:30', '2020-06-15', 1, FALSE, '人氣單點', 11),
(19, 11, '無骨雞腿排', 55, FALSE, '有無骨雞的味道', '2020-06-15 15:39:30', '2020-06-15', 1, FALSE, '人氣單點', 11),
(20, 12, '咔啦雞腿堡XL套餐', 189, FALSE, '有雞腿的味道', '2020-06-19 15:39:30', '2020-06-19', 1, FALSE, 'XL套餐', 12),
(21, 12, '吮指雙雞XL套餐', 189, FALSE, '有吮雞的味道', '2020-06-19 15:39:30', '2020-06-19', 1, FALSE, 'XL套餐', 12),
(22, 12, '紐奧良烤雞腿堡XL套餐', 189, FALSE, '有紐澳良的味道', '2020-06-19 15:39:30', '2020-06-19', 1, FALSE, 'XL套餐', 12),
(23, 12, '南洋叻沙紙包雞XL套餐', 195, FALSE, '有紙的味道', '2020-06-19 15:39:30', '2020-06-19', 1, FALSE, 'XL套餐', 12),
(24, 12, '川麻雞絲歡聚同樂餐 (中辣)', 499, FALSE, '有川麻的味道', '2020-06-19 15:39:30', '2020-06-19', 1, FALSE, '多人歡聚餐', 12),
(25, 12, '6塊咔啦脆雞派對B餐', 419, FALSE, '有B的味道', '2020-06-19 15:39:30', '2020-06-19', 1, FALSE, '多人歡聚餐', 12),
(26, 12, '10塊咔啦脆雞派對B餐', 679, FALSE, '有派對的味道', '2020-06-19 15:39:30', '2020-06-19', 1, FALSE, '多人歡聚餐', 12),
(27, 13, '四季春', 40, FALSE, '有茶的味道', '2020-06-19 15:39:30', '2020-06-19', 1, FALSE, '原葉鮮萃茶 Tea', 13),
(28, 13, '烏龍綠茶', 40, FALSE, '有烏龍的味道', '2020-06-19 15:39:30', '2020-06-19', 1, FALSE, '原葉鮮萃茶 Tea', 13),
(29, 13, '桂花四季春', 40, FALSE, '有桂花的味道', '2020-06-19 15:39:30', '2020-06-19', 1, FALSE, '原葉鮮萃茶 Tea', 13),
(30, 13, '茉莉烏龍', 40, FALSE, '有茉莉的味道', '2020-06-19 15:39:30', '2020-06-19', 1, FALSE, '原葉鮮萃茶 Tea', 13),
(31, 13, '東方美人', 50, FALSE, '有美人的味道', '2020-06-19 15:39:30', '2020-06-19', 1, FALSE, '原葉鮮萃茶 Tea', 13),
(32, 13, '文山包種', 50, FALSE, '有包種的味道', '2020-06-19 15:39:30', '2020-06-19', 1, FALSE, '原葉鮮萃茶 Tea', 13),
(33, 13, '斯里蘭卡屋瓦紅茶', 40, FALSE, '有蘭卡的味道', '2020-06-19 15:39:30', '2020-06-19', 1, FALSE, '原葉鮮萃茶 Tea', 13),
(34, 13, '招牌奶茶', 45, FALSE, '有奶茶的味道', '2020-06-19 15:39:30', '2020-06-19', 1, FALSE, '奶茶及拿鐵', 13),
(35, 13, '玩火Passion Tea', 50, FALSE, '有放火的味道', '2020-06-19 15:39:30', '2020-06-19', 1, FALSE, '奶茶及拿鐵', 13),
(36, 13, '桂花奶綠', 60, FALSE, '有桂花的味道', '2020-06-19 15:39:30', '2020-06-19', 1, FALSE, '奶茶及拿鐵', 13),
(37, 13, '觀音拿鐵', 60, FALSE, '有觀音的味道', '2020-06-19 15:39:30', '2020-06-19', 1, FALSE, '奶茶及拿鐵', 13),
(38, 13, '四季春拿鐵', 40, FALSE, '有四季春的味道', '2020-06-19 15:39:30', '2020-06-19', 1, FALSE, '奶茶及拿鐵', 13),
(39, 14, '滑蛋咖哩炒蝦定食', 320, FALSE, '有咖哩蝦的味道', '2020-06-19 15:39:30', '2020-06-19', 1, FALSE, '泰好吃咖哩', 14),
(40, 14, '瑪莎曼咖哩牛腱', 290, FALSE, '有瑪莎的味道', '2020-06-19 15:39:30', '2020-06-19', 1, FALSE, '泰好吃咖哩', 14),
(41, 14, '椰香咖綠咖哩雞肉定食', 290, FALSE, '有綠咖哩的味道', '2020-06-19 15:39:30', '2020-06-19', 1, FALSE, '泰好吃咖哩', 14),
(42, 14, '松阪豬青木瓜沙拉', 200, FALSE, '有松坂豬的味道', '2020-06-19 15:39:30', '2020-06-19', 1, FALSE, '涼夏沙拉', 14),
(43, 14, '涼拌澎湖中卷', 220, FALSE, '有中卷的味道', '2020-06-19 15:39:30', '2020-06-19', 1, FALSE, '涼夏沙拉', 14),
(44, 14, '涼拌大薄片', 200, FALSE, '有大薄片的味道', '2020-06-19 15:39:30', '2020-06-19', 1, FALSE, '涼夏沙拉', 14);

INSERT INTO coupon (id, code, member_id, start_time, end_time, type, discount, limit_money)
VALUES
(1, 'Vs9wHy', 1, '2018-02-28', '2018-02-28', 0, 1, 50),
(2, '4caLqC', 1, '2019-02-28', '2019-02-28', 0, 1, 50),
(3, 'DP73Jh', 1, '2020-02-28', '2020-02-28', 0, 1, 50),
(4, 'A4Ayjg', 1, '2020-12-06', '2020-12-25', 1, 0.85, 100),
(5, 'SVJRdV', 11, '2020-12-06', '2020-12-25', 1, 0.85, 100),
(6, 'M7gtYR', 11, '2020-10-10', '2020-10-10', 2, 0.8, NULL),
(7, 'nkyV6n', 11, '2020-11-11', '2020-11-11', 2, 0.6, NULL),
(8, 'fp5eZd', 3, '2020-01-01', '2020-01-07', 1, 0.6, 2020),
(9, 'ggRQ8U', 3, '2020-12-06', '2020-12-25', 1, 0.8, 100),
(10, 'RntVd9', 3, '2020-02-04', '2020-02-04', 2, 0.8, NULL),
(11, '8ErNsY', 3, '2020-02-14', '2020-02-14', 2, 0.8, NULL),
(12, 'bPhZha', 4, '2020-10-10', '2020-10-10', 2, 0.8, NULL),
(13, 'rF5R2f', 4, '2020-12-05', '2020-12-25', 1, 0.6, 100),
(14, 't6L4FW', 4, '2020-08-08', '2020-08-08', 2, 0.7, NULL),
(15, 'HrksmE', 11, '2020-09-11', '2020-09-11', 1, 0.1, 911),
(16, 'xsK22C', 11, '2020-05-23', '2020-05-23', 2, 0.2, NULL);

INSERT INTO specified_coupon_product(coupon_id, product_id, quantity)
VALUES
(6, 17, 1),
(7, 14, 2),
(10, 1, 1),
(11, 2, 1),
(12, 7, 1),
(14, 12, 1),
(16, 13, 1),
(6, 14, 1);

INSERT INTO "order" (id, customer_id, coupon_id, seller_id, order_time, ship_time, payment_method, status, address, fee, taking_method, stars, rating_time, comment)
VALUES
(1, 5, 4, 11, '2020-12-24 12:00:00', '2020-12-24 12:20:00', 1, 0, '第六教學大樓327', 60, 1, 4.2, '2020-12-30 16:10:00', '餐點尚可，但店員態度不佳'),
(2, 6, 3, 12, '2020-02-28 18:00:00', '2020-02-28 20:00:00', 0, 4, '科研大樓1321', 0, 1, 4, '2020-02-28 21:00:00', '店員很正，超想X'),
(3, 7, 8, 3, '2020-01-07 08:00:00', NULL, 0, 5, NULL, 0, 0, 4, '2020-12-01 18:06:00', '裝逼拿鐵好喝！'),
(4, 8, 7, 11, '2020-11-11 12:12:25', NULL, 0, 4, NULL, 0, 0, 5, '2020-12-05 08:10:00', '雙吉非常好吃，最喜歡你們家的薯餅'),
(5, 8, 6, 11, '2020-12-06 10:00:00', NULL, 0, 4, NULL, 0, 0, 3, '2020-12-06 21:06:00', 'trash'),
(6, 8, NULL, 11, '2020-11-06 10:00:00', NULL, 0, 4, NULL, 0, 0, 5, '2020-12-01 13:50:00', '');

INSERT INTO order_item (order_id, product_id, quantity, note, price)
VALUES
(1, 17, 1 ,'請幫我多放一塊', 49),
(2, 20, 10, '我就是盤子', 189),
(2, 21, 10, '我就是盤子', 189),
(2, 22, 10, '我就是盤子', 189),
(2, 23, 10, '我就是盤子', 195),
(2, 24, 10, '我就是盤子', 499),
(2, 25, 10, '我就是盤子', 419),
(2, 26, 10, NULL, 679),
(3, 35, 2, '不要加奶茶', 50),
(4, 14, 2, '不要加辣', 129),
(5, 14, 1, NULL, 129),
(5, 17, 1, NULL, 49),
(6, 19, 3, NULL, 55);
